<?xml version="1.0"?>
<libraries>
    <library>
        <location>vendor/katzgrau</location>
        <name>Klogger</name>
        <version>1.2.1</version>
        <license>MIT</license>
        <licenseversion></licenseversion>
    </library>
    <library>
        <location>vendor/psr</location>
        <name>PSR</name>
        <version>3</version>
        <license>PHP Framework Interoperability Group</license>
        <licenseversion></licenseversion>
    </library>
    <library>
        <location>vendor/composer</location>
        <name>Composer</name>
        <version></version>
        <license></license>
        <licenseversion></licenseversion>
    </library>
    <library>
        <location>vendor/autoload.php</location>
        <name>Composer</name>
        <version></version>
        <license></license>
        <licenseversion></licenseversion>
    </library>
</libraries>