<?xml version="1.0" encoding="UTF-8" ?>
<XMLDB PATH="plagiarism/turnitinsim/db" VERSION="20171018" COMMENT="XMLDB file for Moodle plagiarism/turnitinsim plugin"
    xmlns:xsi="http://www.w3.org/2001/XMLSchema-instance"
    xsi:noNamespaceSchemaLocation="../../../lib/xmldb/xmldb.xsd">
    <TABLES>
        <TABLE NAME="plagiarism_turnitinsim_sub" COMMENT="info about files either submitted or awaiting submission to Turnitin" NEXT="plagiarism_turnitinsim_mod">
            <FIELDS>
                <FIELD NAME="id" TYPE="int" LENGTH="10" NOTNULL="true" SEQUENCE="true" NEXT="cm"/>
                <FIELD NAME="cm" TYPE="int" LENGTH="10" NOTNULL="true" DEFAULT="0" SEQUENCE="false" PREVIOUS="id" NEXT="userid"/>
                <FIELD NAME="userid" TYPE="int" LENGTH="10" NOTNULL="true" DEFAULT="0" SEQUENCE="false" PREVIOUS="cm" NEXT="submitter"/>
                <FIELD NAME="submitter" TYPE="int" LENGTH="10" NOTNULL="true" DEFAULT="0" SEQUENCE="false" PREVIOUS="userid" NEXT="groupid"/>
                <FIELD NAME="groupid" TYPE="int" LENGTH="10" NOTNULL="false" SEQUENCE="false" PREVIOUS="submitter" NEXT="turnitinid"/>
                <FIELD NAME="turnitinid" TYPE="char" LENGTH="255" NOTNULL="false" SEQUENCE="false" PREVIOUS="groupid" NEXT="status"/>
                <FIELD NAME="status" TYPE="char" LENGTH="20" NOTNULL="false" SEQUENCE="false" PREVIOUS="turnitinid" NEXT="identifier"/>
                <FIELD NAME="identifier" TYPE="char" LENGTH="255" NOTNULL="false" SEQUENCE="false" PREVIOUS="status" NEXT="itemid"/>
                <FIELD NAME="itemid" TYPE="int" LENGTH="10" NOTNULL="false" DEFAULT="0" SEQUENCE="false" PREVIOUS="identifier" NEXT="type"/>
                <FIELD NAME="type" TYPE="char" LENGTH="20" NOTNULL="false" SEQUENCE="false" PREVIOUS="itemid" NEXT="submittedtime"/>
                <FIELD NAME="submittedtime" TYPE="int" LENGTH="10" NOTNULL="false" DEFAULT="0" SEQUENCE="false" PREVIOUS="itemid" NEXT="togenerate"/>
                <FIELD NAME="togenerate" TYPE="int" LENGTH="1" NOTNULL="false" DEFAULT="0" SEQUENCE="false" PREVIOUS="submittedtime" NEXT="generationtime"/>
                <FIELD NAME="generationtime" TYPE="int" LENGTH="10" NOTNULL="false" DEFAULT="0" SEQUENCE="false" PREVIOUS="togenerate" NEXT="overallscore"/>
                <FIELD NAME="overallscore" LENGTH="10" TYPE="int" NOTNULL="false" SEQUENCE="false" PREVIOUS="submittedtime" NEXT="requestedtime"/>
                <FIELD NAME="requestedtime" TYPE="int" LENGTH="10" NOTNULL="false" DEFAULT="0" SEQUENCE="false" PREVIOUS="overallscore" NEXT="errormessage"/>
                <FIELD NAME="errormessage" TYPE="char" LENGTH="255" NOTNULL="false" SEQUENCE="false" PREVIOUS="requestedtime" NEXT="errormessage"/>
                <FIELD NAME="tiiattempts" TYPE="int" LENGTH="10" NOTNULL="false" DEFAULT="0" SEQUENCE="false" PREVIOUS="errormessage" NEXT="tiiretrytime"/>
                <FIELD NAME="tiiretrytime" TYPE="int" LENGTH="10" NOTNULL="false" DEFAULT="0" SEQUENCE="false" PREVIOUS="tiiattempts" NEXT="quizanswer"/>
                <FIELD NAME="quizanswer" TYPE="char" LENGTH="32" NOTNULL="false" DEFAULT="0" SEQUENCE="false" PREVIOUS="tiiretrytime"/>
            </FIELDS>
            <KEYS>
                <KEY NAME="primary" TYPE="primary" FIELDS="id" NEXT="cm"/>
                <KEY NAME="cm" TYPE="foreign" FIELDS="cm" REFTABLE="course_modules" REFFIELDS="id" ONDELETE="cascade" PREVIOUS="primary" NEXT="userid"/>
                <KEY NAME="userid" TYPE="foreign" FIELDS="userid" REFTABLE="user" REFFIELDS="id" ONDELETE="cascade" PREVIOUS="cm"/>
            </KEYS>
        </TABLE>
        <TABLE NAME="plagiarism_turnitinsim_mod" COMMENT="info about modules configured to use Turnitin" NEXT="plagiarism_turnitinsim_users">
            <FIELDS>
                <FIELD NAME="id" TYPE="int" LENGTH="10" NOTNULL="true" SEQUENCE="true" NEXT="cm"/>
                <FIELD NAME="cm" TYPE="int" LENGTH="10" NOTNULL="true" DEFAULT="0" SEQUENCE="false" PREVIOUS="id" NEXT="turnitinenabled"/>
                <FIELD NAME="turnitinenabled" TYPE="int" LENGTH="1" NOTNULL="true" DEFAULT="0" SEQUENCE="false" PREVIOUS="cm" NEXT="reportgeneration"/>
                <FIELD NAME="reportgeneration" TYPE="int" LENGTH="1" NOTNULL="true" DEFAULT="0" SEQUENCE="false" PREVIOUS="turnitinenabled" NEXT="queuedrafts"/>
                <FIELD NAME="queuedrafts" TYPE="int" LENGTH="1" NOTNULL="true" DEFAULT="0" SEQUENCE="false" PREVIOUS="reportgeneration" NEXT="excludequotes"/>
                <FIELD NAME="excludequotes" TYPE="int" LENGTH="1" NOTNULL="true" DEFAULT="0" SEQUENCE="false" PREVIOUS="queuedrafts" NEXT="excludebiblio"/>
                <FIELD NAME="excludebiblio" TYPE="int" LENGTH="1" NOTNULL="true" DEFAULT="0" SEQUENCE="false" PREVIOUS="excludequotes" NEXT="addtoindex"/>
                <FIELD NAME="addtoindex" TYPE="int" LENGTH="1" NOTNULL="true" DEFAULT="0" SEQUENCE="false" PREVIOUS="excludebiblio" NEXT="accessstudents"/>
                <FIELD NAME="accessstudents" TYPE="int" LENGTH="1" NOTNULL="true" DEFAULT="0" SEQUENCE="false" PREVIOUS="addtoindex"/>
            </FIELDS>
            <KEYS>
                <KEY NAME="primary" TYPE="primary" FIELDS="id" NEXT="cm"/>
                <KEY NAME="cm" TYPE="foreign" FIELDS="cm" REFTABLE="course_modules" REFFIELDS="id" ONDELETE="cascade" PREVIOUS="primary"/>
            </KEYS>
        </TABLE>
        <TABLE NAME="plagiarism_turnitinsim_users" COMMENT="info about users linked to Turnitin">
            <FIELDS>
                <FIELD NAME="id" TYPE="int" LENGTH="10" NOTNULL="true" SEQUENCE="true" NEXT="cm"/>
                <FIELD NAME="userid" TYPE="int" LENGTH="10" NOTNULL="true" SEQUENCE="false" PREVIOUS="id" NEXT="turnitinid"/>
                <FIELD NAME="turnitinid" TYPE="char" LENGTH="255" NOTNULL="false" SEQUENCE="false" PREVIOUS="userid"/>
                <FIELD NAME="lasteulaaccepted" TYPE="char" LENGTH="100" NOTNULL="false" SEQUENCE="false" PREVIOUS="turnitinid" NEXT="lasteulaacceptedtime"/>
                <FIELD NAME="lasteulaacceptedtime" TYPE="int" LENGTH="10" NOTNULL="false" DEFAULT="0" SEQUENCE="false" PREVIOUS="lasteulaaccepted"/>
                <FIELD NAME="lasteulaacceptedlang" TYPE="char" LENGTH="10" NOTNULL="false" DEFAULT="" SEQUENCE="false" PREVIOUS="lasteulaacceptedtime"/>
            </FIELDS>
            <KEYS>
                <KEY NAME="primary" TYPE="primary" FIELDS="id"/>
            </KEYS>
        </TABLE>
        <TABLE NAME="plagiarism_turnitinsim_group" COMMENT="info about groups linked to Turnitin as users">
            <FIELDS>
                <FIELD NAME="id" TYPE="int" LENGTH="10" NOTNULL="true" SEQUENCE="true" NEXT="cm"/>
                <FIELD NAME="groupid" TYPE="int" LENGTH="10" NOTNULL="false" SEQUENCE="false" PREVIOUS="id" NEXT="turnitinid"/>
                <FIELD NAME="turnitinid" TYPE="char" LENGTH="255" NOTNULL="false" SEQUENCE="false" PREVIOUS="groupid"/>
            </FIELDS>
            <KEYS>
                <KEY NAME="primary" TYPE="primary" FIELDS="id"/>
            </KEYS>
        </TABLE>
    </TABLES>
</XMLDB>