<?xml version="1.0" encoding="UTF-8" ?>
<XMLDB PATH="mod/jitsi/db" VERSION="20101203" COMMENT="XMLDB file for Moodle mod/jitsi"
    xmlns:xsi="http://www.w3.org/2001/XMLSchema-instance"
    xsi:noNamespaceSchemaLocation="../../../lib/xmldb/xmldb.xsd"
>
  <TABLES>
    <TABLE NAME="jitsi" COMMENT="Default comment for jitsi, please edit me">
      <FIELDS>
        <FIELD NAME="id" TYPE="int" LENGTH="10" NOTNULL="true" UNSIGNED="true" SEQUENCE="true"/>
        <FIELD NAME="course" TYPE="int" LENGTH="10" NOTNULL="true" UNSIGNED="true" SEQUENCE="false" COMMENT="Course jitsi activity belongs to"/>
        <FIELD NAME="name" TYPE="char" LENGTH="255" NOTNULL="true" SEQUENCE="false" COMMENT="name field for moodle instances"/>
        <FIELD NAME="intro" TYPE="text" NOTNULL="true" SEQUENCE="false" COMMENT="General introduction of the jitsi activity"/>
        <FIELD NAME="introformat" TYPE="int" LENGTH="4" NOTNULL="true" UNSIGNED="true" DEFAULT="0" SEQUENCE="false" COMMENT="Format of the intro field (MOODLE, HTML, MARKDOWN...)"/>
        <FIELD NAME="timecreated" TYPE="int" LENGTH="10" NOTNULL="true" UNSIGNED="true" SEQUENCE="false"/>
        <FIELD NAME="timemodified" TYPE="int" LENGTH="10" NOTNULL="true" UNSIGNED="true" DEFAULT="0" SEQUENCE="false"/>
        <FIELD NAME="timeopen" TYPE="int" LENGTH="10" NOTNULL="true" DEFAULT="0" SEQUENCE="false"/>
        <FIELD NAME="timeclose" TYPE="int" LENGTH="10" NOTNULL="true" DEFAULT="0" SEQUENCE="false"/>
        <FIELD NAME="validitytime" TYPE="int" LENGTH="10" NOTNULL="false" UNSIGNED="true" SEQUENCE="false"/>
        <FIELD NAME="minpretime" TYPE="int" LENGTH="2" NOTNULL="true" DEFAULT="0" SEQUENCE="false"/>
        <FIELD NAME="token" TYPE="text" LENGTH="40" NOTNULL="true" SEQUENCE="false" COMMENT="Sha for invitations"/>
        <FIELD NAME="completionminutes" TYPE="int" LENGTH="3" NOTNULL="true" DEFAULT="0" SEQUENCE="false"/>
      </FIELDS>
      <KEYS>
        <KEY NAME="primary" TYPE="primary" FIELDS="id"/>
      </KEYS>
      <INDEXES>
        <INDEX NAME="course" UNIQUE="false" FIELDS="course"/>
      </INDEXES>
    </TABLE>
    <TABLE NAME="jitsi_record" COMMENT="Jitsi records">
      <FIELDS>
        <FIELD NAME="id" TYPE="int" LENGTH="10" NOTNULL="true" UNSIGNED="true" SEQUENCE="true"/>
        <FIELD NAME="jitsi" TYPE="int" LENGTH="10" NOTNULL="true" UNSIGNED="true" SEQUENCE="false" COMMENT="Jitsi session id"/>
        <FIELD NAME="deleted" TYPE="int" LENGTH="1" NOTNULL="false" DEFAULT="0" UNSIGNED="true" SEQUENCE="false" COMMENT="Record to delete"/>
        <FIELD NAME="source" TYPE="int" LENGTH="10" NOTNULL="false" UNSIGNED="true" SEQUENCE="false" COMMENT="Source record"/>
        <FIELD NAME="visible" TYPE="int" LENGTH="1" NOTNULL="false" UNSIGNED="true" SEQUENCE="false" COMMENT="Record to delete"/>
        <FIELD NAME="name" TYPE="text" NOTNULL="true" SEQUENCE="false" COMMENT="name field for moodle instances"/>
      </FIELDS>
      <KEYS>
        <KEY NAME="primary" TYPE="primary" FIELDS="id"/>
      </KEYS>
      <INDEXES>
        <INDEX NAME="jitsi" UNIQUE="false" FIELDS="jitsi"/>
      </INDEXES>
    </TABLE>
    <TABLE NAME="jitsi_record_account" COMMENT="Accounts to records or streaming">
      <FIELDS>
        <FIELD NAME="id" TYPE="int" LENGTH="10" NOTNULL="true" UNSIGNED="true" SEQUENCE="true"/>
        <FIELD NAME="name" TYPE="char" LENGTH="255" NOTNULL="true" SEQUENCE="false" COMMENT="Name account"/>
        <FIELD NAME="clientaccesstoken" TYPE="text" NOTNULL="false" SEQUENCE="false" COMMENT="Access Token "/>
        <FIELD NAME="clientrefreshtoken" TYPE="text" NOTNULL="false" SEQUENCE="false" COMMENT="Refresh Token "/>
        <FIELD NAME="tokencreated" TYPE="int" LENGTH="10" NOTNULL="false" UNSIGNED="true" SEQUENCE="false"/>
        <FIELD NAME="inuse" TYPE="int" LENGTH="1" NOTNULL="true" DEFAULT="0" UNSIGNED="true" SEQUENCE="false" COMMENT="Account in use"/>
        <FIELD NAME="embed" TYPE="int" LENGTH="1" NOTNULL="false" UNSIGNED="true" SEQUENCE="false" COMMENT="Video Embeddable"/>
      </FIELDS>
      <KEYS>
        <KEY NAME="primary" TYPE="primary" FIELDS="id"/>
      </KEYS>
    </TABLE>
    <TABLE NAME="jitsi_source_record" COMMENT="Accounts to records or streaming">
      <FIELDS>
        <FIELD NAME="id" TYPE="int" LENGTH="10" NOTNULL="true" UNSIGNED="true" SEQUENCE="true"/>
        <FIELD NAME="link" TYPE="char" LENGTH="255" NOTNULL="false" SEQUENCE="false" COMMENT="link of the record"/>
        <FIELD NAME="account" TYPE="int" LENGTH="10" NOTNULL="false" UNSIGNED="true" SEQUENCE="false" COMMENT="Account"/>
        <FIELD NAME="timecreated" TYPE="int" LENGTH="10" NOTNULL="true" UNSIGNED="true" SEQUENCE="false"/>
        <FIELD NAME="userid" TYPE="int" LENGTH="10" NOTNULL="true" DEFAULT="0" SEQUENCE="false"/>
      </FIELDS>
      <KEYS>
        <KEY NAME="primary" TYPE="primary" FIELDS="id"/>
      </KEYS>
    </TABLE>
  </TABLES>
</XMLDB>
